<?xml version="1.0" encoding="utf-8"?>
<GlobalFilters xmlns:xsi="http://www.w3.org/2001/XMLSchema-instance" xmlns:xsd="http://www.w3.org/2001/XMLSchema">
  <ResourceSearchFilters>
    <ResourceFilter>
      <Name>Test Path Filters</Name>
      <Filters>
         <!--<string>\\Test[s]?\\</string>--> 
        <string>\\OneBox\\</string>
        <string>ART\\TSATest</string>
        <string>node_modules\\hawk\\(test|lib)\\server\.js</string>
        <string>node_modules\\hawk\\(test|lib)\\client\.js</string>
        <string>node_modules\\hawk\\(test|lib)\\browser\.js</string>
        <string>node_modules\\hawk\\(test|lib)\\readme\.(js|md)</string>        
        <string>(regHKU|regHKLM)\.xml</string>
      </Filters>
    </ResourceFilter>
  </ResourceSearchFilters>
</GlobalFilters>